20302 - Manufacture of printing ink,34029090,17
20302 - Manufacture of printing ink,32089091,18
46620 - Wholesale of machine tools,84662098,18
46620 - Wholesale of machine tools,82042000,18
63910 - News agency activities,84714900,9
63910 - News agency activities,85279900,10
66120 - Security and commodity contracts dealing activities,85176200,6
66120 - Security and commodity contracts dealing activities,27090090,7
47210 - Retail sale of fruit and vegetables in specialised stores,42022290,3
47210 - Retail sale of fruit and vegetables in specialised stores,19041010,4
"20301 - Manufacture of paints, varnishes and similar coatings, mastics and sealants",32081090,18
"20301 - Manufacture of paints, varnishes and similar coatings, mastics and sealants",32099000,18
71129 - Other engineering activities,84836080,18
71129 - Other engineering activities,40169957,18
45320 - Retail trade of motor vehicle parts and accessories,40111000,18
45320 - Retail trade of motor vehicle parts and accessories,87120030,18
35110 - Production of electricity,90158011,12
35110 - Production of electricity,85023920,16
14200 - Manufacture of articles of fur,43031090,4
14200 - Manufacture of articles of fur,62141000,5
94920 - Activities of political organizations,,0
94920 - Activities of political organizations,62151000,1
"28940 - Manufacture of machinery for textile, apparel and leather production",84139100,18
"28940 - Manufacture of machinery for textile, apparel and leather production",84136039,18
42990 - Construction of other civil engineering projects n.e.c.,84669400,17
42990 - Construction of other civil engineering projects n.e.c.,87089997,18
23520 - Manufacture of lime and plaster,39000000,2
23520 - Manufacture of lime and plaster,25222000,18
82920 - Packaging activities,30043900,18
82920 - Packaging activities,30049000,18
47799 - Retail sale of other second-hand goods in stores (not incl. antiques),97060000,18
47799 - Retail sale of other second-hand goods in stores (not incl. antiques),97060000,18
64999 - Financial intermediation not elsewhere classified,84811005,15
64999 - Financial intermediation not elsewhere classified,84312000,18
"26513 - Manufacture of non-electronic measuring, testing etc. equipment, not for industrial process control",90282000,19
"26513 - Manufacture of non-electronic measuring, testing etc. equipment, not for industrial process control",90289090,23
01290 - Growing of other perennial crops,39269097,5
01290 - Growing of other perennial crops,06000000,7
01210 - Growing of grapes,22041098,5
01210 - Growing of grapes,22041093,10
14131 - Manufacture of other men's outerwear,62151000,18
14131 - Manufacture of other men's outerwear,62052000,18
10822 - Manufacture of sugar confectionery,17049071,18
10822 - Manufacture of sugar confectionery,17049075,18
59131 - Motion picture distribution activities,49111090,15
59131 - Motion picture distribution activities,37000000,17
47770 - Retail sale of watches and jewellery in specialised stores,97060000,18
47770 - Retail sale of watches and jewellery in specialised stores,71131900,18
79120 - Tour operator activities,73071190,3
79120 - Tour operator activities,90278091,5
22110 - Manufacture of rubber tyres and tubes; retreading and rebuilding of rubber tyres,40111000,18
22110 - Manufacture of rubber tyres and tubes; retreading and rebuilding of rubber tyres,40111000,18
46711 - Wholesale of petroleum and petroleum products,27101981,12
46711 - Wholesale of petroleum and petroleum products,34039900,12
69203 - Tax consultancy,,0
69203 - Tax consultancy,49029000,1
46719 - Wholesale of other fuels and related products,82079099,18
46719 - Wholesale of other fuels and related products,99309900,18
77352 - Renting and leasing of freight air transport equipment,87164000,1
77352 - Renting and leasing of freight air transport equipment,84639000,1
16230 - Manufacture of other builders' carpentry and joinery,97060000,17
16230 - Manufacture of other builders' carpentry and joinery,40082190,18
69201 - Accounting and auditing activities,85182200,17
69201 - Accounting and auditing activities,85185000,18
47781 - Retail sale in commercial art galleries,97030000,18
47781 - Retail sale in commercial art galleries,97011000,18
None Supplied,84814010,18
None Supplied,57023110,18
96090 - Other service activities n.e.c.,25084000,18
96090 - Other service activities n.e.c.,83099090,18
55209 - Other holiday and other collective accommodation,,0
55209 - Other holiday and other collective accommodation,87161098,1
03210 - Marine aquaculture,84212100,18
03210 - Marine aquaculture,03021400,18
72190 - Other research and experimental development on natural sciences and engineering,90189084,18
72190 - Other research and experimental development on natural sciences and engineering,90129010,18
64202 - Activities of production holding companies,39172110,18
64202 - Activities of production holding companies,90119010,18
02100 - Silviculture and other forestry activities,39235090,4
02100 - Silviculture and other forestry activities,45000000,6
46640 - Wholesale of machinery for the textile industry and of sewing and knitting machines,84485900,18
46640 - Wholesale of machinery for the textile industry and of sewing and knitting machines,84485190,18
43390 - Other building completion and finishing,68069000,13
43390 - Other building completion and finishing,38160000,17
90030 - Artistic creation,49019900,18
90030 - Artistic creation,97011000,18
01629 - Support activities for animal production (other than farm animal boarding and care) n.e.c.,05111000,16
01629 - Support activities for animal production (other than farm animal boarding and care) n.e.c.,23099096,17
86210 - General medical practice activities,30012090,9
86210 - General medical practice activities,61151090,18
29203 - Manufacture of caravans,87161092,14
29203 - Manufacture of caravans,87161092,18
20530 - Manufacture of essential oils,34013000,18
20530 - Manufacture of essential oils,33012941,18
06100 - Extraction of crude petroleum,73141400,18
06100 - Extraction of crude petroleum,27131200,18
17219 - Manufacture of other paper and paperboard containers,48236990,18
17219 - Manufacture of other paper and paperboard containers,34022090,18
20412 - Manufacture of cleaning and polishing preparations,34051000,18
20412 - Manufacture of cleaning and polishing preparations,30049000,18
14390 - Manufacture of other knitted and crocheted apparel,61101210,18
14390 - Manufacture of other knitted and crocheted apparel,54074200,18
"47760 - Retail sale of flowers, plants, seeds, fertilizers, pet animals and pet food in specialised stores",04000000,6
"47760 - Retail sale of flowers, plants, seeds, fertilizers, pet animals and pet food in specialised stores",12093000,7
26120 - Manufacture of loaded electronic boards,84718000,18
26120 - Manufacture of loaded electronic boards,94059900,18
25720 - Manufacture of locks and hinges,83014090,18
25720 - Manufacture of locks and hinges,83024900,18
"28150 - Manufacture of bearings, gears, gearing and driving elements",87089997,19
"28150 - Manufacture of bearings, gears, gearing and driving elements",87089910,19
29201 - Manufacture of bodies (coachwork) for motor vehicles (except caravans),87089997,18
29201 - Manufacture of bodies (coachwork) for motor vehicles (except caravans),87089997,18
28230 - Manufacture of office machinery and equipment (except computers and peripheral equipment),84723000,18
28230 - Manufacture of office machinery and equipment (except computers and peripheral equipment),84411070,18
61200 - Wireless telecommunications activities,85176990,18
61200 - Wireless telecommunications activities,85176200,18
77320 - Renting and leasing of construction and civil engineering machinery and equipment,84314980,17
77320 - Renting and leasing of construction and civil engineering machinery and equipment,84289090,17
19100 - Manufacture of coke oven products,38011000,8
19100 - Manufacture of coke oven products,38160000,13
10850 - Manufacture of prepared meals and dishes,21069092,15
10850 - Manufacture of prepared meals and dishes,19049010,18
"46120 - Agents involved in the sale of fuels, ores, metals and industrial chemicals",75062000,18
"46120 - Agents involved in the sale of fuels, ores, metals and industrial chemicals",74072900,18
66190 - Activities auxiliary to financial intermediation n.e.c.,84714100,12
66190 - Activities auxiliary to financial intermediation n.e.c.,33071000,17
01610 - Support activities for crop production,11072000,18
01610 - Support activities for crop production,11071099,18
43342 - Glazing,73083000,10
43342 - Glazing,76169990,10
43120 - Site preparation,87000000,1
43120 - Site preparation,84000000,1
43991 - Scaffold erection,73084000,5
43991 - Scaffold erection,73084000,5
01160 - Growing of fibre crops,84669400,1
01160 - Growing of fibre crops,70071190,1
10831 - Tea processing,09023000,18
10831 - Tea processing,09023000,18
"45400 - Sale, maintenance and repair of motorcycles and related parts and accessories",84212300,18
"45400 - Sale, maintenance and repair of motorcycles and related parts and accessories",87141090,18
49420 - Removal services,94036090,17
49420 - Removal services,97060000,18
81210 - General cleaning of buildings,48232000,4
81210 - General cleaning of buildings,34029090,5
10890 - Manufacture of other food products n.e.c.,11072000,18
10890 - Manufacture of other food products n.e.c.,11071099,18
01490 - Raising of other animals,01064900,10
01490 - Raising of other animals,01069000,15
09900 - Support activities for other mining and quarrying,85439000,18
09900 - Support activities for other mining and quarrying,84099900,18
46650 - Wholesale of office furniture,48209000,15
46650 - Wholesale of office furniture,48201090,17
69101 - Barristers at law,84713000,1
69101 - Barristers at law,63090000,1
23130 - Manufacture of hollow glass,70000000,15
23130 - Manufacture of hollow glass,70109043,18
47782 - Retail sale by opticians,90041091,10
47782 - Retail sale by opticians,90013000,18
27310 - Manufacture of fibre optic cables,85367000,18
27310 - Manufacture of fibre optic cables,85366910,18
05101 - Deep coal mines,73079980,6
05101 - Deep coal mines,84314980,17
"46170 - Agents involved in the sale of food, beverages and tobacco",09023000,18
"46170 - Agents involved in the sale of food, beverages and tobacco",21069098,18
71122 - Engineering related scientific and technical consulting activities,84099100,18
71122 - Engineering related scientific and technical consulting activities,90279010,18
10420 - Manufacture of margarine and similar edible fats,,0
10420 - Manufacture of margarine and similar edible fats,04069021,18
25940 - Manufacture of fasteners and screw machine products,81089090,18
25940 - Manufacture of fasteners and screw machine products,73182900,18
50100 - Sea and coastal passenger water transport,84719000,6
50100 - Sea and coastal passenger water transport,84069090,18
46310 - Wholesale of fruit and vegetables,07109000,18
46310 - Wholesale of fruit and vegetables,04090000,18
10620 - Manufacture of starches and starch products,35051050,4
10620 - Manufacture of starches and starch products,35000000,16
52230 - Service activities incidental to air transportation,40091200,18
52230 - Service activities incidental to air transportation,84119100,18
7499 - Non-trading company,84249000,12
7499 - Non-trading company,84241000,13
24460 - Processing of nuclear fuel,28000000,4
24460 - Processing of nuclear fuel,86090090,6
96020 - Hairdressing and other beauty treatment,33051000,17
96020 - Hairdressing and other beauty treatment,33059000,18
59112 - Video production activities,39206219,9
59112 - Video production activities,85238099,12
47510 - Retail sale of textiles in specialised stores,53092900,18
47510 - Retail sale of textiles in specialised stores,48149070,18
12000 - Manufacture of tobacco products,48000000,16
12000 - Manufacture of tobacco products,24031910,16
64303 - Activities of venture and development capital companies,84731011,2
64303 - Activities of venture and development capital companies,84713000,2
42130 - Construction of bridges and tunnels,83062900,1
42130 - Construction of bridges and tunnels,82071300,1
86102 - Medical nursing home activities,90189084,16
86102 - Medical nursing home activities,30049000,18
28132 - Manufacture of compressors,90279050,18
28132 - Manufacture of compressors,84149000,18
28960 - Manufacture of plastics and rubber machinery,84807100,18
28960 - Manufacture of plastics and rubber machinery,88033000,18
"46470 - Wholesale of furniture, carpets and lighting equipment",94036090,17
"46470 - Wholesale of furniture, carpets and lighting equipment",94052099,18
01410 - Raising of dairy cattle,73102990,17
01410 - Raising of dairy cattle,04069021,18
25110 - Manufacture of metal structures and parts of structures,88033000,18
25110 - Manufacture of metal structures and parts of structures,73089098,18
10520 - Manufacture of ice cream,21033090,18
10520 - Manufacture of ice cream,09023000,18
17290 - Manufacture of other articles of paper and paperboard n.e.c.,70193900,18
17290 - Manufacture of other articles of paper and paperboard n.e.c.,70193200,18
46220 - Wholesale of flowers and plants,12099180,16
46220 - Wholesale of flowers and plants,12093000,18
47250 - Retail sale of beverages in specialised stores,29362900,18
47250 - Retail sale of beverages in specialised stores,21069092,18
80100 - Private security activities,85444210,4
80100 - Private security activities,84713000,5
15110 - Tanning and dressing of leather; dressing and dyeing of fur,41079210,18
15110 - Tanning and dressing of leather; dressing and dyeing of fur,41079910,18
94910 - Activities of religious organizations,33030090,5
94910 - Activities of religious organizations,73261990,7
14190 - Manufacture of other wearing apparel and accessories n.e.c.,61102091,18
14190 - Manufacture of other wearing apparel and accessories n.e.c.,61101130,18
47710 - Retail sale of clothing in specialised stores,61044200,18
47710 - Retail sale of clothing in specialised stores,61034200,18
26514 - Manufacture of non-electronic industrial process control equipment,85444993,18
26514 - Manufacture of non-electronic industrial process control equipment,38220000,18
10611 - Grain milling,11000000,18
10611 - Grain milling,19019099,18
18201 - Reproduction of sound recording,85423190,12
18201 - Reproduction of sound recording,49019900,18
82301 - Activities of exhibition and fair organisers,85176200,4
82301 - Activities of exhibition and fair organisers,90230080,5
33140 - Repair of electrical equipment,84718000,18
33140 - Repair of electrical equipment,88033000,18
46420 - Wholesale of clothing and footwear,43000000,18
46420 - Wholesale of clothing and footwear,64034000,18
15200 - Manufacture of footwear,64039996,18
15200 - Manufacture of footwear,64035995,18
47910 - Retail sale via mail order houses or via Internet,62044300,18
47910 - Retail sale via mail order houses or via Internet,61044300,18
62020 - Information technology consultancy activities,84713000,18
62020 - Information technology consultancy activities,84733080,18
"46510 - Wholesale of computers, computer peripheral equipment and software",84439990,18
"46510 - Wholesale of computers, computer peripheral equipment and software",85176200,20
23650 - Manufacture of fibre cement,68109900,7
23650 - Manufacture of fibre cement,68109900,15
91012 - Archives activities,39269097,2
91012 - Archives activities,60069000,3
18129 - Printing n.e.c.,49090000,18
18129 - Printing n.e.c.,49119100,18
77330 - Renting and leasing of office machinery and equipment (including computers),84713000,4
77330 - Renting and leasing of office machinery and equipment (including computers),84733020,6
61900 - Other telecommunications activities,85432000,18
61900 - Other telecommunications activities,84714100,18
31020 - Manufacture of kitchen furniture,94034010,17
31020 - Manufacture of kitchen furniture,94034090,18
95110 - Repair of computers and peripheral equipment,84717050,18
95110 - Repair of computers and peripheral equipment,84734080,18
63990 - Other information service activities n.e.c.,22042142,18
63990 - Other information service activities n.e.c.,84198180,18
56103 - Take-away food shops and mobile food stands,39269097,6
56103 - Take-away food shops and mobile food stands,63079098,11
47421 - Retail sale of mobile telephones,85171200,17
47421 - Retail sale of mobile telephones,85171200,17
20200 - Manufacture of pesticides and other agrochemical products,15159060,18
20200 - Manufacture of pesticides and other agrochemical products,15050090,18
20140 - Manufacture of other organic basic chemicals,90279050,19
20140 - Manufacture of other organic basic chemicals,38220000,19
58120 - Publishing of directories and mailing lists,40169300,4
58120 - Publishing of directories and mailing lists,30049000,4
93130 - Fitness facilities,95069110,7
93130 - Fitness facilities,95069190,8
"01280 - Growing of spices, aromatic, drug and pharmaceutical crops",33043000,7
"01280 - Growing of spices, aromatic, drug and pharmaceutical crops",33049900,10
"47240 - Retail sale of bread, cakes, flour confectionery and sugar confectionery in specialised stores",17049065,5
"47240 - Retail sale of bread, cakes, flour confectionery and sugar confectionery in specialised stores",48131000,5
47791 - Retail sale of antiques including antique books in stores,49019900,18
47791 - Retail sale of antiques including antique books in stores,97060000,18
65110 - Life insurance,91029100,1
65110 - Life insurance,85444210,1
90010 - Performing arts,95089000,3
90010 - Performing arts,63090000,3
35120 - Transmission of electricity,85353010,4
35120 - Transmission of electricity,91040000,5
42120 - Construction of railways and underground railways,94036010,14
42120 - Construction of railways and underground railways,97060000,15
28921 - Manufacture of machinery for mining,84137081,18
28921 - Manufacture of machinery for mining,40092100,18
33190 - Repair of other equipment,87089997,18
33190 - Repair of other equipment,84099900,18
49390 - Other passenger land transport,42010000,5
49390 - Other passenger land transport,87089997,6
20130 - Manufacture of other inorganic basic chemicals,32061100,18
20130 - Manufacture of other inorganic basic chemicals,35069900,18
93290 - Other amusement and recreation activities n.e.c.,85232100,18
93290 - Other amusement and recreation activities n.e.c.,95059000,18
33150 - Repair and maintenance of ships and boats,84099900,18
33150 - Repair and maintenance of ships and boats,84842000,18
"01110 - Growing of cereals (except rice), leguminous crops and oil seeds",22085011,17
"01110 - Growing of cereals (except rice), leguminous crops and oil seeds",44151010,18
43910 - Roofing activities,73089051,2
43910 - Roofing activities,56089000,4
68320 - Management of real estate on a fee or contract basis,40169300,18
68320 - Management of real estate on a fee or contract basis,39269097,18
"46380 - Wholesale of other food, including fish, crustaceans and molluscs",03021400,18
"46380 - Wholesale of other food, including fish, crustaceans and molluscs",32030010,18
46480 - Wholesale of watches and jewellery,91029900,18
46480 - Wholesale of watches and jewellery,91029900,18
28140 - Manufacture of taps and valves,73079980,18
28140 - Manufacture of taps and valves,73071110,18
10860 - Manufacture of homogenized food preparations and dietetic food,21069098,16
10860 - Manufacture of homogenized food preparations and dietetic food,21069098,18
18140 - Binding and related services,84409000,15
18140 - Binding and related services,49019900,18
55900 - Other accommodation,85171800,11
55900 - Other accommodation,49019900,11
47430 - Retail sale of audio and video equipment in specialised stores,85181030,15
47430 - Retail sale of audio and video equipment in specialised stores,85176200,16
84130 - Regulation of and contribution to more efficient operation of businesses,90318020,1
84130 - Regulation of and contribution to more efficient operation of businesses,85369085,1
"26511 - Manufacture of electronic measuring, testing etc. equipment, not for industrial process control",90159000,18
"26511 - Manufacture of electronic measuring, testing etc. equipment, not for industrial process control",90149000,18
64201 - Activities of agricultural holding companies,31029000,10
64201 - Activities of agricultural holding companies,02000000,18
95290 - Repair of personal and household goods n.e.c.,87089997,3
95290 - Repair of personal and household goods n.e.c.,97060000,3
31030 - Manufacture of mattresses,94041000,18
31030 - Manufacture of mattresses,94039030,18
27200 - Manufacture of batteries and accumulators,85076000,18
27200 - Manufacture of batteries and accumulators,85065010,18
"47820 - Retail sale via stalls and markets of textiles, clothing and footwear",62019200,3
"47820 - Retail sale via stalls and markets of textiles, clothing and footwear",56000000,8
71200 - Technical testing and analysis,90149000,18
71200 - Technical testing and analysis,90148000,18
42220 - Construction of utility projects for electricity and telecommunications,25232900,4
42220 - Construction of utility projects for electricity and telecommunications,73089098,5
41100 - Development of building projects,73269098,18
41100 - Development of building projects,84099900,18
23490 - Manufacture of other ceramic products n.e.c.,69091900,18
23490 - Manufacture of other ceramic products n.e.c.,69039090,18
32500 - Manufacture of medical and dental instruments and supplies,84191900,18
32500 - Manufacture of medical and dental instruments and supplies,90189084,19
85410 - Post-secondary non-tertiary education,49019100,15
85410 - Post-secondary non-tertiary education,49019900,18
81229 - Other building and industrial cleaning activities,34022090,3
81229 - Other building and industrial cleaning activities,29239000,6
61300 - Satellite telecommunications activities,85176200,18
61300 - Satellite telecommunications activities,85076000,18
46320 - Wholesale of meat and meat products,02064900,18
46320 - Wholesale of meat and meat products,02044310,18
26702 - Manufacture of photographic and cinematographic equipment,84715000,18
26702 - Manufacture of photographic and cinematographic equipment,90021100,18
30120 - Building of pleasure and sporting boats,89031090,15
30120 - Building of pleasure and sporting boats,89039210,17
"28210 - Manufacture of ovens, furnaces and furnace burners",84169000,18
"28210 - Manufacture of ovens, furnaces and furnace burners",84179000,18
63120 - Web portals,85068080,9
63120 - Web portals,84713000,11
98100 - Undifferentiated goods-producing activities of private households for own use,84798200,2
98100 - Undifferentiated goods-producing activities of private households for own use,97060000,2
"28930 - Manufacture of machinery for food, beverage and tobacco processing",84749090,18
"28930 - Manufacture of machinery for food, beverage and tobacco processing",84741000,18
33200 - Installation of industrial machinery and equipment,84379000,18
33200 - Installation of industrial machinery and equipment,85171800,18
14120 - Manufacture of workwear,62113310,18
14120 - Manufacture of workwear,51121900,18
66290 - Other activities auxiliary to insurance and pension funding,85176200,1
66290 - Other activities auxiliary to insurance and pension funding,84732110,1
"77390 - Renting and leasing of other machinery, equipment and tangible goods n.e.c.",84272019,15
"77390 - Renting and leasing of other machinery, equipment and tangible goods n.e.c.",85030099,18
18121 - Manufacture of printed labels,39269092,18
18121 - Manufacture of printed labels,48211010,18
01250 - Growing of other tree and bush fruits and nuts,12000000,3
01250 - Growing of other tree and bush fruits and nuts,06000000,7
59140 - Motion picture projection activities,85437090,2
59140 - Motion picture projection activities,90069900,3
"15120 - Manufacture of luggage, handbags and the like, saddlery and harness",42021990,18
"15120 - Manufacture of luggage, handbags and the like, saddlery and harness",42021299,18
08930 - Extraction of salt,25010010,16
08930 - Extraction of salt,25010091,18
30920 - Manufacture of bicycles and invalid carriages,87120030,18
30920 - Manufacture of bicycles and invalid carriages,42029298,18
22190 - Manufacture of other rubber products,90275000,18
22190 - Manufacture of other rubber products,90200000,18
45310 - Wholesale trade of motor vehicle parts and accessories,87083099,18
45310 - Wholesale trade of motor vehicle parts and accessories,87082990,18
77341 - Renting and leasing of passenger water transport equipment,85030091,1
77341 - Renting and leasing of passenger water transport equipment,84129040,1
27520 - Manufacture of non-electric domestic appliances,73219000,5
27520 - Manufacture of non-electric domestic appliances,73218100,7
65202 - Non-life reinsurance,,0
65202 - Non-life reinsurance,66011000,1
24340 - Cold drawing of wire,72171090,18
24340 - Cold drawing of wire,74082200,18
01500 - Mixed farming,21021010,15
01500 - Mixed farming,84368090,18
27330 - Manufacture of wiring devices,85369010,15
27330 - Manufacture of wiring devices,85443000,18
24420 - Aluminium production,76061191,18
24420 - Aluminium production,96089900,18
"46630 - Wholesale of mining, construction and civil engineering machinery",84314980,18
"46630 - Wholesale of mining, construction and civil engineering machinery",84099900,18
29310 - Manufacture of electrical and electronic equipment for motor vehicles and their engines,87089997,18
29310 - Manufacture of electrical and electronic equipment for motor vehicles and their engines,87089997,18
90040 - Operation of arts facilities,97011000,18
90040 - Operation of arts facilities,97060000,18
56101 - Licensed restaurants,20000000,14
56101 - Licensed restaurants,33049900,18
"47520 - Retail sale of hardware, paints and glass in specialised stores",70133799,18
"47520 - Retail sale of hardware, paints and glass in specialised stores",48142000,18
23620 - Manufacture of plaster products for construction purposes,32091000,17
23620 - Manufacture of plaster products for construction purposes,25202000,18
27510 - Manufacture of electric domestic appliances,85168080,18
27510 - Manufacture of electric domestic appliances,85365019,18
46440 - Wholesale of china and glassware and cleaning materials,70134110,18
46440 - Wholesale of china and glassware and cleaning materials,69111000,18
77310 - Renting and leasing of agricultural machinery and equipment,84314980,6
77310 - Renting and leasing of agricultural machinery and equipment,84295199,6
"10730 - Manufacture of macaroni, noodles, couscous and similar farinaceous products",19023010,15
"10730 - Manufacture of macaroni, noodles, couscous and similar farinaceous products",21069098,18
"63110 - Data processing, hosting and related activities",84719000,14
"63110 - Data processing, hosting and related activities",84713000,18
84240 - Public order and safety activities,84714900,3
84240 - Public order and safety activities,85363010,3
31090 - Manufacture of other furniture,94016100,18
31090 - Manufacture of other furniture,94033019,18
"46330 - Wholesale of dairy products, eggs and edible oils and fats",04069021,18
"46330 - Wholesale of dairy products, eggs and edible oils and fats",04064090,18
10821 - Manufacture of cocoa and chocolate confectionery,18069019,18
10821 - Manufacture of cocoa and chocolate confectionery,18069070,18
47722 - Retail sale of leather goods in specialised stores,42022100,18
47722 - Retail sale of leather goods in specialised stores,42021110,18
93210 - Activities of amusement parks and theme parks,95030041,4
93210 - Activities of amusement parks and theme parks,95030049,5
28950 - Manufacture of machinery for paper and paperboard production,84439199,18
28950 - Manufacture of machinery for paper and paperboard production,84399900,18
51102 - Non-scheduled passenger air transport,88033000,18
51102 - Non-scheduled passenger air transport,88033000,18
77210 - Renting and leasing of recreational and sports goods,95065900,6
77210 - Renting and leasing of recreational and sports goods,95069190,9
33160 - Repair and maintenance of aircraft and spacecraft,88033000,18
33160 - Repair and maintenance of aircraft and spacecraft,88032000,18
52101 - Operation of warehousing and storage facilities for water transport activities,49019900,18
52101 - Operation of warehousing and storage facilities for water transport activities,49011000,18
17240 - Manufacture of wallpaper,32091000,18
17240 - Manufacture of wallpaper,48142000,18
20170 - Manufacture of synthetic rubber in primary forms,39095090,18
20170 - Manufacture of synthetic rubber in primary forms,39100000,18
"25500 - Forging, pressing, stamping and roll-forming of metal; powder metallurgy",81059000,18
"25500 - Forging, pressing, stamping and roll-forming of metal; powder metallurgy",75051200,18
24410 - Precious metals production,71069200,18
24410 - Precious metals production,71142000,18
94200 - Activities of trade unions,,0
94200 - Activities of trade unions,49019900,1
96030 - Funeral and related activities,44000000,2
96030 - Funeral and related activities,44219091,4
47190 - Other retail sale in non-specialised stores,33042000,18
47190 - Other retail sale in non-specialised stores,33041000,18
77351 - Renting and leasing of air passenger transport equipment,88033000,5
77351 - Renting and leasing of air passenger transport equipment,88033000,18
93120 - Activities of sport clubs,61101110,9
93120 - Activities of sport clubs,87089997,10
65201 - Life reinsurance,49111010,1
65201 - Life reinsurance,42050011,1
71111 - Architectural activities,94038100,9
71111 - Architectural activities,94036010,10
84220 - Defence activities,90142020,17
84220 - Defence activities,88033000,18
"23190 - Manufacture and processing of other glass, including technical glassware",38220000,18
"23190 - Manufacture and processing of other glass, including technical glassware",70172000,18
74209 - Photographic activities not elsewhere classified,97050000,17
74209 - Photographic activities not elsewhere classified,85258091,18
49200 - Freight rail transport,21069098,14
49200 - Freight rail transport,21039090,14
43330 - Floor and wall covering,39073000,14
43330 - Floor and wall covering,39181010,18
30400 - Manufacture of military fighting vehicles,87089997,6
30400 - Manufacture of military fighting vehicles,87060099,16
74901 - Environmental consulting activities,47071000,16
74901 - Environmental consulting activities,39151000,16
18203 - Reproduction of computer media,85234130,11
18203 - Reproduction of computer media,84716070,18
24310 - Cold drawing of bars,72171090,17
24310 - Cold drawing of bars,72151000,18
10910 - Manufacture of prepared feeds for farm animals,23099096,18
10910 - Manufacture of prepared feeds for farm animals,23099096,18
26520 - Manufacture of watches and clocks,91022100,18
26520 - Manufacture of watches and clocks,91021100,18
66220 - Activities of insurance agents and brokers,84719000,3
66220 - Activities of insurance agents and brokers,84713000,6
26301 - Manufacture of telegraph and telephone apparatus and equipment,85414010,22
26301 - Manufacture of telegraph and telephone apparatus and equipment,85176200,24
46660 - Wholesale of other office machinery and equipment,84138100,17
46660 - Wholesale of other office machinery and equipment,39261000,17
13910 - Manufacture of knitted and crocheted fabrics,61159400,18
13910 - Manufacture of knitted and crocheted fabrics,53091900,18
14141 - Manufacture of men's underwear,62089900,6
14141 - Manufacture of men's underwear,62071100,9
23420 - Manufacture of ceramic sanitary fixtures,69101000,13
23420 - Manufacture of ceramic sanitary fixtures,84818011,14
64204 - Activities of distribution holding companies,82032000,18
64204 - Activities of distribution holding companies,73269098,18
64110 - Central banking,84715000,9
64110 - Central banking,84713000,11
66210 - Risk and damage evaluation,,0
66210 - Risk and damage evaluation,85176200,1
"55300 - Recreational vehicle parks, trailer parks and camping grounds",,0
"55300 - Recreational vehicle parks, trailer parks and camping grounds",87161098,1
64929 - Other credit granting n.e.c.,49011000,2
64929 - Other credit granting n.e.c.,49019900,7
25990 - Manufacture of other fabricated metal products n.e.c.,74199930,18
25990 - Manufacture of other fabricated metal products n.e.c.,73269098,18
28990 - Manufacture of other special-purpose machinery n.e.c.,84129040,19
28990 - Manufacture of other special-purpose machinery n.e.c.,84122981,19
14132 - Manufacture of other women's outerwear,61044300,18
14132 - Manufacture of other women's outerwear,62044300,18
43290 - Other construction installation,84159000,15
43290 - Other construction installation,73239300,16
43310 - Plastering,32099000,3
43310 - Plastering,68000000,3
32200 - Manufacture of musical instruments,92059090,17
32200 - Manufacture of musical instruments,92099200,18
14142 - Manufacture of women's underwear,62089900,15
14142 - Manufacture of women's underwear,62121010,16
71112 - Urban planning and landscape architectural activities,39269097,2
71112 - Urban planning and landscape architectural activities,84248199,5
82200 - Activities of call centres,42031000,6
82200 - Activities of call centres,90013000,18
47650 - Retail sale of games and toys in specialised stores,95045000,17
47650 - Retail sale of games and toys in specialised stores,95030099,18
66300 - Fund management activities,84715000,3
66300 - Fund management activities,84713000,4
47620 - Retail sale of newspapers and stationery in specialised stores,49019900,18
47620 - Retail sale of newspapers and stationery in specialised stores,49021000,18
20411 - Manufacture of soap and detergents,34012090,18
20411 - Manufacture of soap and detergents,34012010,18
02300 - Gathering of wild growing non-wood products,47073010,1
02300 - Gathering of wild growing non-wood products,32151100,1
46491 - Wholesale of musical instruments,92029030,13
46491 - Wholesale of musical instruments,92079010,18
47890 - Retail sale via stalls and markets of other goods,49021000,8
47890 - Retail sale via stalls and markets of other goods,49019900,9
23910 - Production of abrasive products,34059010,18
23910 - Production of abrasive products,28182000,18
30910 - Manufacture of motorcycles,61091000,18
30910 - Manufacture of motorcycles,42029291,18
27400 - Manufacture of electric lighting equipment,94054010,18
27400 - Manufacture of electric lighting equipment,94051098,18
25910 - Manufacture of steel drums and similar containers,73102111,15
25910 - Manufacture of steel drums and similar containers,73090090,16
28240 - Manufacture of power-driven hand tools,84671900,18
28240 - Manufacture of power-driven hand tools,84314980,18
58130 - Publishing of newspapers,49021000,17
58130 - Publishing of newspapers,49019900,18
47300 - Retail sale of automotive fuel in specialised stores,27101929,1
47300 - Retail sale of automotive fuel in specialised stores,39202021,6
10810 - Manufacture of sugar,17019910,18
10810 - Manufacture of sugar,23099096,18
09100 - Support activities for petroleum and natural gas extraction,40094200,18
09100 - Support activities for petroleum and natural gas extraction,38190000,18
91011 - Library activities,54076130,4
91011 - Library activities,59011000,11
96010 - Washing and (dry-)cleaning of textile and fur products,29051200,8
96010 - Washing and (dry-)cleaning of textile and fur products,48182099,9
28301 - Manufacture of agricultural tractors,84322910,15
28301 - Manufacture of agricultural tractors,87079090,15
28910 - Manufacture of machinery for metallurgy,84559000,18
28910 - Manufacture of machinery for metallurgy,90249000,18
46460 - Wholesale of pharmaceutical goods,30049000,18
46460 - Wholesale of pharmaceutical goods,30022000,18
32990 - Other manufacturing n.e.c.,88040000,23
32990 - Other manufacturing n.e.c.,88033000,23
25620 - Machining,39173900,18
25620 - Machining,39173100,18
17220 - Manufacture of household and sanitary goods and of toilet requisites,48030090,18
17220 - Manufacture of household and sanitary goods and of toilet requisites,34011900,18
10840 - Manufacture of condiments and seasonings,33019030,18
10840 - Manufacture of condiments and seasonings,31000000,18
01460 - Raising of swine/pigs,73089098,1
01460 - Raising of swine/pigs,05119985,4
"01700 - Hunting, trapping and related service activities",02000000,9
"01700 - Hunting, trapping and related service activities",93062100,13
78109 - Other activities of employment placement agencies,84812090,10
78109 - Other activities of employment placement agencies,84819000,16
46900 - Non-specialised wholesale trade,96033010,18
46900 - Non-specialised wholesale trade,33049900,18
79110 - Travel agency activities,99309900,3
79110 - Travel agency activities,84713000,4
10720 - Manufacture of rusks and biscuits; manufacture of preserved pastry goods and cakes,19059060,18
10720 - Manufacture of rusks and biscuits; manufacture of preserved pastry goods and cakes,19053199,18
"46342 - Wholesale of wine, beer, spirits and other alcoholic beverages",22083071,18
"46342 - Wholesale of wine, beer, spirits and other alcoholic beverages",22083030,18
26110 - Manufacture of electronic components,85332100,18
26110 - Manufacture of electronic components,85331000,18
"46439 - Wholesale of radio, television goods & electrical household appliances (other than records, tapes, CD's & video tapes and the equipment used for playing them)",85291095,18
"46439 - Wholesale of radio, television goods & electrical household appliances (other than records, tapes, CD's & video tapes and the equipment used for playing them)",85363010,18
13200 - Weaving of textiles,50072069,18
13200 - Weaving of textiles,50072011,18
38110 - Collection of non-hazardous waste,74040099,18
38110 - Collection of non-hazardous waste,72042900,18
01450 - Raising of sheep and  goats,01000000,1
01450 - Raising of sheep and  goats,28272000,2
"47410 - Retail sale of computers, peripheral units and software in specialised stores",84713000,17
"47410 - Retail sale of computers, peripheral units and software in specialised stores",84791000,17
"47110 - Retail sale in non-specialised stores with food, beverages or tobacco predominating",22041011,18
"47110 - Retail sale in non-specialised stores with food, beverages or tobacco predominating",21069098,18
27320 - Manufacture of other electronic and electric wires and cables,85369010,18
27320 - Manufacture of other electronic and electric wires and cables,85369010,18
32130 - Manufacture of imitation jewellery and related articles,71171900,15
32130 - Manufacture of imitation jewellery and related articles,71171900,18
81100 - Combined facilities support activities,90268080,9
81100 - Combined facilities support activities,90261021,10
64922 - Activities of mortgage finance companies,,0
64922 - Activities of mortgage finance companies,94051021,1
25920 - Manufacture of light metal packaging,83099010,18
25920 - Manufacture of light metal packaging,84229090,18
22220 - Manufacture of plastic packing goods,39239000,18
22220 - Manufacture of plastic packing goods,39232100,19
53202 - Unlicensed carrier,30043900,17
53202 - Unlicensed carrier,49021000,18
59113 - Television programme production activities,90079100,17
59113 - Television programme production activities,90079100,18
47749 - Retail sale of medical and orthopaedic goods in specialised stores (not incl. hearing aids) n.e.c.,90189084,18
47749 - Retail sale of medical and orthopaedic goods in specialised stores (not incl. hearing aids) n.e.c.,30039000,18
25730 - Manufacture of tools,96034010,18
25730 - Manufacture of tools,82052000,18
88990 - Other social work activities without accommodation n.e.c.,63090000,9
88990 - Other social work activities without accommodation n.e.c.,49019900,12
10110 - Processing and preserving of meat,02013000,18
10110 - Processing and preserving of meat,02044310,18
4521 - Gen construction & civil engineer,50071000,1
4521 - Gen construction & civil engineer,42022100,1
"36000 - Water collection, treatment and supply",63090000,18
"36000 - Water collection, treatment and supply",84212100,18
69202 - Bookkeeping activities,87089910,8
69202 - Bookkeeping activities,90065900,12
16220 - Manufacture of assembled parquet floors,44000000,2
16220 - Manufacture of assembled parquet floors,44000000,5
"47599 - Retail of furniture, lighting, and similar (not musical instruments or scores) in specialised store",94051040,18
"47599 - Retail of furniture, lighting, and similar (not musical instruments or scores) in specialised store",94051050,18
20120 - Manufacture of dyes and pigments,29224985,18
20120 - Manufacture of dyes and pigments,29329900,18
42110 - Construction of roads and motorways,27150000,13
42110 - Construction of roads and motorways,84295290,14
58190 - Other publishing activities,49019900,18
58190 - Other publishing activities,49090000,18
71121 - Engineering design activities for industrial process and production,88033000,15
71121 - Engineering design activities for industrial process and production,85258019,18
"74909 - Other professional, scientific and technical activities n.e.c.",84212100,18
"74909 - Other professional, scientific and technical activities n.e.c.",88033000,18
64910 - Financial leasing,87012090,7
64910 - Financial leasing,87163980,10
45200 - Maintenance and repair of motor vehicles,87084050,18
45200 - Maintenance and repair of motor vehicles,84119100,18
"82190 - Photocopying, document preparation and other specialised office support activities",97060000,9
"82190 - Photocopying, document preparation and other specialised office support activities",97060000,10
88100 - Social work activities without accommodation for the elderly and disabled,95059000,1
88100 - Social work activities without accommodation for the elderly and disabled,49019900,1
86900 - Other human health activities,90189084,18
86900 - Other human health activities,94042990,18
30110 - Building of ships and floating structures,76041010,18
30110 - Building of ships and floating structures,73269098,18
93110 - Operation of sports facilities,57050030,12
93110 - Operation of sports facilities,61101110,12
13931 - Manufacture of woven or tufted carpets and rugs,54071000,18
13931 - Manufacture of woven or tufted carpets and rugs,39181090,18
"52219 - Other service activities incidental to land transportation, n.e.c.",84312000,16
"52219 - Other service activities incidental to land transportation, n.e.c.",51012100,18
31010 - Manufacture of office and shop furniture,94016100,18
31010 - Manufacture of office and shop furniture,94029000,18
68100 - Buying and selling of own real estate,84513000,15
68100 - Buying and selling of own real estate,90189084,16
43320 - Joinery installation,94036090,8
43320 - Joinery installation,94032080,8
28120 - Manufacture of fluid power equipment,84139100,18
28120 - Manufacture of fluid power equipment,84132000,18
51101 - Scheduled passenger air transport,88033000,18
51101 - Scheduled passenger air transport,85041020,18
70100 - Activities of head offices,22030009,18
70100 - Activities of head offices,22030001,18
11050 - Manufacture of beer,22030001,18
11050 - Manufacture of beer,22030001,18
24440 - Copper production,74072900,18
24440 - Copper production,74199990,18
25210 - Manufacture of central heating radiators and boilers,85169000,16
25210 - Manufacture of central heating radiators and boilers,73221900,16
46499 - Wholesale of household goods (other than musical instruments) n.e.c.,33079000,18
46499 - Wholesale of household goods (other than musical instruments) n.e.c.,71131900,18
59133 - Television programme distribution activities,84733080,3
59133 - Television programme distribution activities,85255000,4
43110 - Demolition,87042299,2
43110 - Demolition,84291900,2
47630 - Retail sale of music and video recordings in specialised stores,85238099,12
47630 - Retail sale of music and video recordings in specialised stores,85238010,16
45190 - Sale of other motor vehicles,85119000,18
45190 - Sale of other motor vehicles,87012090,18
52241 - Cargo handling for water transport activities,87161092,17
52241 - Cargo handling for water transport activities,95069990,17
79901 - Activities of tourist guides,,0
79901 - Activities of tourist guides,63063000,1
52220 - Service activities incidental to water transportation,84099900,18
52220 - Service activities incidental to water transportation,49011000,18
81222 - Specialised cleaning services,84379000,7
81222 - Specialised cleaning services,84378000,15
50200 - Sea and coastal freight water transport,39261000,18
50200 - Sea and coastal freight water transport,49019900,18
"10200 - Processing and preserving of fish, crustaceans and molluscs",03054100,18
"10200 - Processing and preserving of fish, crustaceans and molluscs",03021400,18
23200 - Manufacture of refractory products,84807900,18
23200 - Manufacture of refractory products,38160000,18
32910 - Manufacture of brooms and brushes,84313100,18
32910 - Manufacture of brooms and brushes,96032930,18
95230 - Repair of footwear and leather goods,,0
95230 - Repair of footwear and leather goods,34051000,1
64209 - Activities of other holding companies n.e.c.,48211010,18
64209 - Activities of other holding companies n.e.c.,39191012,18
10410 - Manufacture of oils and fats,15099000,18
10410 - Manufacture of oils and fats,15000000,18
"47640 - Retail sale of sports goods, fishing gear, camping goods, boats and bicycles",87149990,18
"47640 - Retail sale of sports goods, fishing gear, camping goods, boats and bicycles",87120030,18
"59120 - Motion picture, video and television programme post-production activities",85437090,3
"59120 - Motion picture, video and television programme post-production activities",85287191,13
75000 - Veterinary activities,39174000,12
75000 - Veterinary activities,38220000,17
60200 - Television programming and broadcasting activities,85255000,14
60200 - Television programming and broadcasting activities,85176200,18
95220 - Repair of household appliances and home and garden equipment,85311030,10
95220 - Repair of household appliances and home and garden equipment,85258011,14
"46431 - Wholesale of audio tapes, records, CDs and video tapes and the equipment on which these are played",85234110,16
"46431 - Wholesale of audio tapes, records, CDs and video tapes and the equipment on which these are played",85238010,18
01640 - Seed processing for propagation,07089000,16
01640 - Seed processing for propagation,07131090,18
"46110 - Agents selling agricultural raw materials, livestock, textile raw materials and semi-finished goods",07135000,17
"46110 - Agents selling agricultural raw materials, livestock, textile raw materials and semi-finished goods",07131090,17
64306 - Activities of real estate investment trusts,,0
64306 - Activities of real estate investment trusts,85176200,1
91020 - Museums activities,49119100,13
91020 - Museums activities,49011000,14
"16290 - Manufacture of other products of wood; manufacture of articles of cork, straw and plaiting materials",48142000,18
"16290 - Manufacture of other products of wood; manufacture of articles of cork, straw and plaiting materials",39181010,18
20520 - Manufacture of glues,68071000,18
20520 - Manufacture of glues,32141010,18
18202 - Reproduction of video recording,85238010,1
18202 - Reproduction of video recording,84731011,1
86101 - Hospital activities,90189084,13
86101 - Hospital activities,34012090,14
01190 - Growing of other non-perennial crops,12093000,2
01190 - Growing of other non-perennial crops,06000000,3
10612 - Manufacture of breakfast cereals and cereals-based food,22021000,11
10612 - Manufacture of breakfast cereals and cereals-based food,19041090,16
64205 - Activities of financial services holding companies,90230080,6
64205 - Activities of financial services holding companies,73102111,6
19201 - Mineral oil refining,27101999,11
19201 - Mineral oil refining,27101221,11
85310 - General secondary education,84713000,10
85310 - General secondary education,90230010,18
79909 - Other reservation service activities n.e.c.,84717020,1
79909 - Other reservation service activities n.e.c.,49011000,1
73110 - Advertising agencies,42022100,15
73110 - Advertising agencies,90308930,18
23140 - Manufacture of glass fibres,85447000,18
23140 - Manufacture of glass fibres,70172000,18
95240 - Repair of furniture and home furnishings,97060000,1
95240 - Repair of furniture and home furnishings,97060000,4
39000 - Remediation activities and other waste management services,39151000,18
39000 - Remediation activities and other waste management services,78041900,18
26400 - Manufacture of consumer electronics,85182200,18
26400 - Manufacture of consumer electronics,85182100,18
52242 - Cargo handling for air transport activities,62142000,16
52242 - Cargo handling for air transport activities,64042090,16
"46730 - Wholesale of wood, construction materials and sanitary equipment",70134110,16
"46730 - Wholesale of wood, construction materials and sanitary equipment",48149010,18
68209 - Other letting and operating of own or leased real estate,84749010,18
68209 - Other letting and operating of own or leased real estate,61044900,18
10120 - Processing and preserving of poultry meat,02071430,17
10120 - Processing and preserving of poultry meat,02000000,17
35230 - Trade of gas through mains,85177090,1
35230 - Trade of gas through mains,85176200,2
14110 - Manufacture of leather clothes,42031000,11
14110 - Manufacture of leather clothes,43031090,14
"49311 - Urban and suburban passenger railway transportation by underground, metro and similar systems",63051010,1
"49311 - Urban and suburban passenger railway transportation by underground, metro and similar systems",84713000,2
22290 - Manufacture of other plastic products,34029090,18
22290 - Manufacture of other plastic products,65061010,18
68202 - Letting and operating of conference and exhibition centres,90230080,1
68202 - Letting and operating of conference and exhibition centres,83100000,1
10519 - Manufacture of other milk products,30029050,14
10519 - Manufacture of other milk products,23000000,14
74902 - Quantity surveying activities,20055100,3
74902 - Quantity surveying activities,21069098,4
28302 - Manufacture of agricultural and forestry machinery other than tractors,84339000,18
28302 - Manufacture of agricultural and forestry machinery other than tractors,84349000,18
84300 - Compulsory social security activities,88031000,3
84300 - Compulsory social security activities,88033000,14
01240 - Growing of pome fruits and stone fruits,22060031,17
01240 - Growing of pome fruits and stone fruits,22060051,18
35210 - Manufacture of gas,85361010,1
35210 - Manufacture of gas,73259990,1
96040 - Physical well-being activities,33049900,4
96040 - Physical well-being activities,39221000,11
45112 - Sale of used cars and light motor vehicles,87089997,18
45112 - Sale of used cars and light motor vehicles,87032390,18
"47810 - Retail sale via stalls and markets of food, beverages and tobacco products",18069031,6
"47810 - Retail sale via stalls and markets of food, beverages and tobacco products",18063290,8
35300 - Steam and air conditioning supply,84749090,16
35300 - Steam and air conditioning supply,84159000,16
60100 - Radio broadcasting,84733080,18
60100 - Radio broadcasting,84714100,18
20600 - Manufacture of man-made fibres,54000000,18
20600 - Manufacture of man-made fibres,85189000,18
25400 - Manufacture of weapons and ammunition,39269097,12
25400 - Manufacture of weapons and ammunition,93040000,17
81223 - Furnace and chimney cleaning services,25233000,1
81223 - Furnace and chimney cleaning services,96035000,6
70221 - Financial management,84749090,4
70221 - Financial management,56075011,5
23640 - Manufacture of mortars,39211100,1
23640 - Manufacture of mortars,25000000,1
08990 - Other mining and quarrying n.e.c.,39269097,17
08990 - Other mining and quarrying n.e.c.,84749010,18
20160 - Manufacture of plastics in primary forms,39069090,18
20160 - Manufacture of plastics in primary forms,39013000,18
"46140 - Agents involved in the sale of machinery, industrial equipment, ships and aircraft",84314980,18
"46140 - Agents involved in the sale of machinery, industrial equipment, ships and aircraft",84312000,18
50300 - Inland passenger water transport,,0
50300 - Inland passenger water transport,84091000,1
90020 - Support activities to performing arts,61091000,17
90020 - Support activities to performing arts,95059000,18
95120 - Repair of communication equipment,85171100,9
95120 - Repair of communication equipment,85171800,17
82990 - Other business support service activities n.e.c.,84369900,18
82990 - Other business support service activities n.e.c.,13023900,18
01300 - Plant propagation,84715000,5
01300 - Plant propagation,06000000,17
08920 - Extraction of peat,27030000,4
08920 - Extraction of peat,27030000,6
53100 - Postal activities under universal service obligation,49029000,17
53100 - Postal activities under universal service obligation,33049900,17
"26600 - Manufacture of irradiation, electromedical and electrotherapeutic equipment",90183900,18
"26600 - Manufacture of irradiation, electromedical and electrotherapeutic equipment",90191090,18
84110 - General public administration activities,90318098,9
84110 - General public administration activities,88033000,18
74202 - Other specialist photography,85193000,5
74202 - Other specialist photography,49119100,8
72200 - Research and experimental development on social sciences and humanities,90189084,7
72200 - Research and experimental development on social sciences and humanities,90189084,15
94120 - Activities of professional membership organizations,49011000,14
94120 - Activities of professional membership organizations,49019900,18
81300 - Landscape service activities,39269097,3
81300 - Landscape service activities,87089997,5
62090 - Other information technology service activities,85176200,18
62090 - Other information technology service activities,85371091,19
70210 - Public relations and communications activities,97011000,3
70210 - Public relations and communications activities,71131900,8
24510 - Casting of iron,74199100,18
24510 - Casting of iron,84099100,18
47610 - Retail sale of books in specialised stores,49019100,18
47610 - Retail sale of books in specialised stores,49019100,18
10511 - Liquid milk and cream production,04069021,18
10511 - Liquid milk and cream production,04064090,18
47789 - Other retail sale of new goods in specialised stores (not commercial art galleries and opticians),91011100,18
47789 - Other retail sale of new goods in specialised stores (not commercial art galleries and opticians),25059000,18
69102 - Solicitors,84713000,1
69102 - Solicitors,49019900,4
81299 - Other cleaning services,84439110,4
81299 - Other cleaning services,83030040,6
23410 - Manufacture of ceramic household and ornamental articles,69120023,18
23410 - Manufacture of ceramic household and ornamental articles,69111000,18
"28110 - Manufacture of engines and turbines, except aircraft, vehicle and cycle engines",84139100,18
"28110 - Manufacture of engines and turbines, except aircraft, vehicle and cycle engines",84138100,18
28290 - Manufacture of other general-purpose machinery n.e.c.,84229090,18
28290 - Manufacture of other general-purpose machinery n.e.c.,84136080,18
19209 - Other treatment of petroleum products (excluding petrochemicals manufacture),34031980,18
19209 - Other treatment of petroleum products (excluding petrochemicals manufacture),27101981,18
70229 - Management consultancy activities other than financial management,49019900,18
70229 - Management consultancy activities other than financial management,61044400,18
16100 - Sawmilling and planing of wood,44219097,12
16100 - Sawmilling and planing of wood,68080000,17
46130 - Agents involved in the sale of timber and building materials,32099000,17
46130 - Agents involved in the sale of timber and building materials,73079980,17
27900 - Manufacture of other electrical equipment,85369010,18
27900 - Manufacture of other electrical equipment,73069000,18
41202 - Construction of domestic buildings,85340090,6
41202 - Construction of domestic buildings,32129000,9
17230 - Manufacture of paper stationery,96091090,18
17230 - Manufacture of paper stationery,96091010,18
85200 - Primary education,90230010,5
85200 - Primary education,49019900,6
20150 - Manufacture of fertilizers and nitrogen compounds,31051000,17
20150 - Manufacture of fertilizers and nitrogen compounds,31000000,18
42210 - Construction of utility projects for fluids,84099900,14
42210 - Construction of utility projects for fluids,76101000,18
42910 - Construction of water projects,54072011,7
42910 - Construction of water projects,84713000,8
91040 - Botanical and zoological gardens and nature reserves activities,01000000,2
91040 - Botanical and zoological gardens and nature reserves activities,73262000,5
20510 - Manufacture of explosives,90230080,3
20510 - Manufacture of explosives,70191910,10
92000 - Gambling and betting activities,95049010,4
92000 - Gambling and betting activities,95049080,5
64203 - Activities of construction holding companies,87089997,12
64203 - Activities of construction holding companies,85413000,18
56210 - Event catering activities,19059090,18
56210 - Event catering activities,16041100,18
23990 - Manufacture of other non-metallic mineral products n.e.c.,27131200,18
23990 - Manufacture of other non-metallic mineral products n.e.c.,27000000,18
47429 - Retail sale of telecommunications equipment other than mobile telephones,85291069,18
47429 - Retail sale of telecommunications equipment other than mobile telephones,76109010,18
16210 - Manufacture of veneer sheets and wood-based panels,83014090,18
16210 - Manufacture of veneer sheets and wood-based panels,44000000,18
22230 - Manufacture of builders  ware of plastic,39181010,18
22230 - Manufacture of builders  ware of plastic,39162000,18
33110 - Repair of fabricated metal products,82075050,14
33110 - Repair of fabricated metal products,82076030,17
"1740 - Manufacture made-up textiles, not apparel",63000000,1
"1740 - Manufacture made-up textiles, not apparel",63061200,2
"13950 - Manufacture of non-wovens and articles made from non-wovens, except apparel",34011100,18
"13950 - Manufacture of non-wovens and articles made from non-wovens, except apparel",63079098,18
82110 - Combined office administrative service activities,48115900,18
82110 - Combined office administrative service activities,32121000,18
91030 - Operation of historical sites and buildings and similar visitor attractions,97030000,1
91030 - Operation of historical sites and buildings and similar visitor attractions,71131100,1
43999 - Other specialised construction activities n.e.c.,84139100,18
43999 - Other specialised construction activities n.e.c.,84799020,18
35130 - Distribution of electricity,84836080,4
35130 - Distribution of electricity,87142000,8
13100 - Preparation and spinning of textile fibres,51061090,18
13100 - Preparation and spinning of textile fibres,51111100,18
74201 - Portrait photographic activities,37039000,7
74201 - Portrait photographic activities,48000000,11
28410 - Manufacture of metal forming machinery,84831029,18
28410 - Manufacture of metal forming machinery,84559000,18
16240 - Manufacture of wooden containers,39232100,8
16240 - Manufacture of wooden containers,85369010,10
74100 - specialised design activities,48149010,18
74100 - specialised design activities,48142000,18
01270 - Growing of beverage crops,84389000,8
01270 - Growing of beverage crops,09024000,9
43130 - Test drilling and boring,84138200,5
43130 - Test drilling and boring,82071990,17
"25290 - Manufacture of other tanks, reservoirs and containers of metal",84879051,17
"25290 - Manufacture of other tanks, reservoirs and containers of metal",76130000,18
52290 - Other transportation support activities,63090000,18
52290 - Other transportation support activities,95063200,18
46410 - Wholesale of textiles,51111900,18
46410 - Wholesale of textiles,51111100,18
33130 - Repair of electronic and optical equipment,90272000,18
33130 - Repair of electronic and optical equipment,90269000,18
52102 - Operation of warehousing and storage facilities for air transport activities,85371091,18
52102 - Operation of warehousing and storage facilities for air transport activities,84818099,18
61100 - Wired telecommunications activities,85171800,17
61100 - Wired telecommunications activities,85171800,18
"95250 - Repair of watches, clocks and jewellery",71131900,12
"95250 - Repair of watches, clocks and jewellery",71179000,13
20590 - Manufacture of other chemical products n.e.c.,28439090,18
20590 - Manufacture of other chemical products n.e.c.,38200000,20
62011 - Ready-made interactive leisure and entertainment software development,85234951,12
62011 - Ready-made interactive leisure and entertainment software development,84439990,14
55100 - Hotels and similar accommodation,09012200,18
55100 - Hotels and similar accommodation,09012100,18
46690 - Wholesale of other machinery and equipment,84822000,18
46690 - Wholesale of other machinery and equipment,84818081,18
28923 - Manufacture of equipment for concrete crushing and screening and roadworks,84741000,18
28923 - Manufacture of equipment for concrete crushing and screening and roadworks,84749090,18
29320 - Manufacture of other parts and accessories for motor vehicles,84099900,18
29320 - Manufacture of other parts and accessories for motor vehicles,84099100,18
"46610 - Wholesale of agricultural machinery, equipment and supplies",84099900,18
"46610 - Wholesale of agricultural machinery, equipment and supplies",87089997,18
46190 - Agents involved in the sale of a variety of goods,84879090,18
46190 - Agents involved in the sale of a variety of goods,87089120,18
33170 - Repair and maintenance of other transport equipment n.e.c.,86080000,18
33170 - Repair and maintenance of other transport equipment n.e.c.,86079980,18
"46341 - Wholesale of fruit and vegetable juices, mineral water and soft drinks",21042000,18
"46341 - Wholesale of fruit and vegetable juices, mineral water and soft drinks",84212100,18
66110 - Administration of financial markets,84715000,2
66110 - Administration of financial markets,49011000,2
"08110 - Quarrying of ornamental and building stone, limestone, gypsum, chalk and slate",73083000,14
"08110 - Quarrying of ornamental and building stone, limestone, gypsum, chalk and slate",68030090,16
46770 - Wholesale of waste and scrap,81083000,18
46770 - Wholesale of waste and scrap,76020019,18
47741 - Retail sale of hearing aids,90214000,9
47741 - Retail sale of hearing aids,90219010,17
46750 - Wholesale of chemical products,39094000,18
46750 - Wholesale of chemical products,32049000,18
"46390 - Non-specialised wholesale of food, beverages and tobacco",19041090,18
"46390 - Non-specialised wholesale of food, beverages and tobacco",17049065,18
"01130 - Growing of vegetables and melons, roots and tubers",12000000,7
"01130 - Growing of vegetables and melons, roots and tubers",07000000,11
11020 - Manufacture of wine from grape,22000000,16
11020 - Manufacture of wine from grape,22042198,17
14310 - Manufacture of knitted and crocheted hosiery,61159400,13
14310 - Manufacture of knitted and crocheted hosiery,61159500,18
03220 - Freshwater aquaculture,03000000,2
03220 - Freshwater aquaculture,03011100,5
27120 - Manufacture of electricity distribution and control apparatus,85363030,18
27120 - Manufacture of electricity distribution and control apparatus,85361090,18
47750 - Retail sale of cosmetic and toilet articles in specialised stores,33049900,18
47750 - Retail sale of cosmetic and toilet articles in specialised stores,33079000,18
10832 - Production of coffee and coffee substitutes,09011100,15
10832 - Production of coffee and coffee substitutes,20052020,16
"78101 - Motion picture, television and other theatrical casting activities",,0
"78101 - Motion picture, television and other theatrical casting activities",84714900,1
"47530 - Retail sale of carpets, rugs, wall and floor coverings in specialised stores",94016100,18
"47530 - Retail sale of carpets, rugs, wall and floor coverings in specialised stores",57011090,18
"46240 - Wholesale of hides, skins and leather",41071291,17
"46240 - Wholesale of hides, skins and leather",41015030,18
59111 - Motion picture production activities,90079100,15
59111 - Motion picture production activities,90021100,17
52103 - Operation of warehousing and storage facilities for land transport activities,84713000,18
52103 - Operation of warehousing and storage facilities for land transport activities,87089997,18
56301 - Licensed clubs,33072000,4
56301 - Licensed clubs,33030090,4
28131 - Manufacture of pumps,84135040,19
28131 - Manufacture of pumps,84139100,20
13921 - Manufacture of soft furnishings,42022100,18
13921 - Manufacture of soft furnishings,42021211,18
81291 - Disinfecting and exterminating services,,0
81291 - Disinfecting and exterminating services,61046900,1
33120 - Repair of machinery,84099900,18
33120 - Repair of machinery,40169300,18
58110 - Book publishing,90191090,18
58110 - Book publishing,49019900,18
47721 - Retail sale of footwear in specialised stores,64039998,18
47721 - Retail sale of footwear in specialised stores,64029998,18
21100 - Manufacture of basic pharmaceutical products,21069098,18
21100 - Manufacture of basic pharmaceutical products,30049000,18
86230 - Dental practice activities,90184990,18
86230 - Dental practice activities,90181990,18
05102 - Open cast coal working,,0
05102 - Open cast coal working,27011100,9
23430 - Manufacture of ceramic insulators and insulating fittings,69101000,1
23430 - Manufacture of ceramic insulators and insulating fittings,85462000,4
"25300 - Manufacture of steam generators, except central heating hot water boilers",39173900,18
"25300 - Manufacture of steam generators, except central heating hot water boilers",39173100,18
38310 - Dismantling of wrecks,87082990,12
38310 - Dismantling of wrecks,84082055,12
10130 - Production of meat and poultry meat products,11010015,17
10130 - Production of meat and poultry meat products,21069098,18
13960 - Manufacture of other technical and industrial textiles,54011018,18
13960 - Manufacture of other technical and industrial textiles,54011012,18
23510 - Manufacture of cement,73181900,2
23510 - Manufacture of cement,68101190,2
68201 - Renting and operating of Housing Association real estate,88033000,15
68201 - Renting and operating of Housing Association real estate,73079100,18
47220 - Retail sale of meat and meat products in specialised stores,02101910,4
47220 - Retail sale of meat and meat products in specialised stores,02000000,9
38320 - Recovery of sorted materials,26000000,18
38320 - Recovery of sorted materials,74040010,18
01630 - Post-harvest crop activities,07135000,8
01630 - Post-harvest crop activities,48194000,10
"47990 - Other retail sale not in stores, stalls or markets",88033000,18
"47990 - Other retail sale not in stores, stalls or markets",90129090,18
46230 - Wholesale of live animals,01012990,8
46230 - Wholesale of live animals,01012100,14
94110 - Activities of business and employers membership organizations,49019900,18
94110 - Activities of business and employers membership organizations,49019100,18
"47230 - Retail sale of fish, crustaceans and molluscs in specialised stores",16041100,15
"47230 - Retail sale of fish, crustaceans and molluscs in specialised stores",03000000,16
10920 - Manufacture of prepared pet foods,23091031,18
10920 - Manufacture of prepared pet foods,23099010,18
28490 - Manufacture of other machine tools,72222011,18
28490 - Manufacture of other machine tools,90249000,18
85600 - Educational support services,95069190,9
85600 - Educational support services,49019900,12
"13940 - Manufacture of cordage, rope, twine and netting",56075030,18
"13940 - Manufacture of cordage, rope, twine and netting",56075011,18
"46210 - Wholesale of grain, unmanufactured tobacco, seeds and animal feeds",07135000,16
"46210 - Wholesale of grain, unmanufactured tobacco, seeds and animal feeds",23099041,17
10512 - Butter and cheese production,09012100,18
10512 - Butter and cheese production,04000000,18
07100 - Mining of iron ores,73269098,1
07100 - Mining of iron ores,84592900,1
25610 - Treatment and coating of metals,84119100,18
25610 - Treatment and coating of metals,84833080,18
43341 - Painting,87089997,2
43341 - Painting,87089993,2
23310 - Manufacture of ceramic tiles and flags,69000000,15
23310 - Manufacture of ceramic tiles and flags,69149000,16
10310 - Processing and preserving of potatoes,07019090,17
10310 - Processing and preserving of potatoes,20052020,18
77299 - Renting and leasing of other personal and household goods,48189010,17
77299 - Renting and leasing of other personal and household goods,90189084,18
38120 - Collection of hazardous waste,84185019,13
38120 - Collection of hazardous waste,78041900,18
13939 - Manufacture of other carpets and rugs,57033018,14
13939 - Manufacture of other carpets and rugs,57032092,15
"49100 - Passenger rail transport, interurban",86073000,16
"49100 - Passenger rail transport, interurban",86080000,18
47730 - Dispensing chemist in specialised stores,30043900,18
47730 - Dispensing chemist in specialised stores,30012090,18
10320 - Manufacture of fruit and vegetable juice,20099059,17
10320 - Manufacture of fruit and vegetable juice,20000000,18
73120 - Media representation services,90230080,7
73120 - Media representation services,90183900,15
64304 - Activities of open-ended investment companies,87032311,3
64304 - Activities of open-ended investment companies,84715000,3
24540 - Casting of other non-ferrous metals,84485900,18
24540 - Casting of other non-ferrous metals,84485190,18
23120 - Shaping and processing of flat glass,39269097,18
23120 - Shaping and processing of flat glass,70182000,18
"27110 - Manufacture of electric motors, generators and transformers",85389091,18
"27110 - Manufacture of electric motors, generators and transformers",85030099,18
13300 - Finishing of textiles,59032010,18
13300 - Finishing of textiles,59070000,18
11070 - Manufacture of soft drinks; production of mineral waters and other bottled waters,22021000,18
11070 - Manufacture of soft drinks; production of mineral waters and other bottled waters,21069098,18
24520 - Casting of steel,87089135,18
24520 - Casting of steel,85363010,18
30990 - Manufacture of other transport equipment n.e.c.,85124000,18
30990 - Manufacture of other transport equipment n.e.c.,94019010,19
52243 - Cargo handling for land transport activities,32081090,4
52243 - Cargo handling for land transport activities,97060000,11
23440 - Manufacture of other technical ceramic products,32074085,18
23440 - Manufacture of other technical ceramic products,68042230,18
23630 - Manufacture of ready-mixed concrete,,0
23630 - Manufacture of ready-mixed concrete,84122120,1
11060 - Manufacture of malt,11072000,18
11060 - Manufacture of malt,11071099,18
"24430 - Lead, zinc and tin production",39069090,15
"24430 - Lead, zinc and tin production",78041900,17
11030 - Manufacture of cider and other fruit wines,22060039,18
11030 - Manufacture of cider and other fruit wines,22030001,18
82302 - Activities of conference organisers,95081000,2
82302 - Activities of conference organisers,62141000,2
64991 - Security dealing on own account,84713000,3
64991 - Security dealing on own account,30049000,8
93199 - Other sports activities,40169300,16
93199 - Other sports activities,87089997,18
"32409 - Manufacture of other games and toys, n.e.c.",32091000,18
"32409 - Manufacture of other games and toys, n.e.c.",95030070,18
38210 - Treatment and disposal of non-hazardous waste,74040010,18
38210 - Treatment and disposal of non-hazardous waste,72042900,18
26701 - Manufacture of optical precision instruments,90029000,18
26701 - Manufacture of optical precision instruments,85437090,18
"23690 - Manufacture of other articles of concrete, plaster and cement",68101900,17
"23690 - Manufacture of other articles of concrete, plaster and cement",26180000,18
77291 - Renting and leasing of media entertainment equipment,59111000,16
77291 - Renting and leasing of media entertainment equipment,90022000,17
95210 - Repair of consumer electronics,90251980,17
95210 - Repair of consumer electronics,85437090,18
53201 - Licensed carriers,42022210,17
53201 - Licensed carriers,62171000,18
"23320 - Manufacture of bricks, tiles and construction products, in baked clay",68062010,15
"23320 - Manufacture of bricks, tiles and construction products, in baked clay",69000000,15
59132 - Video distribution activities,95043010,8
59132 - Video distribution activities,85238093,8
81221 - Window cleaning services,,0
81221 - Window cleaning services,39251000,1
13990 - Manufacture of other textiles n.e.c.,59032090,18
13990 - Manufacture of other textiles n.e.c.,59031090,18
32110 - Striking of coins,71181000,9
32110 - Striking of coins,71181000,14
87900 - Other residential care activities n.e.c.,84713000,2
87900 - Other residential care activities n.e.c.,95043090,2
58141 - Publishing of learned journals,49019900,7
58141 - Publishing of learned journals,48201090,7
"46160 - Agents involved in the sale of textiles, clothing, fur, footwear and leather goods",61101190,18
"46160 - Agents involved in the sale of textiles, clothing, fur, footwear and leather goods",61161080,18
58290 - Other software publishing,84717070,17
58290 - Other software publishing,95030075,18
"23700 - Cutting, shaping and finishing of stone",73269098,3
"23700 - Cutting, shaping and finishing of stone",71131900,18
23610 - Manufacture of concrete products for construction purposes,68101190,14
23610 - Manufacture of concrete products for construction purposes,68010000,17
64302 - Activities of unit trusts,85171200,1
64302 - Activities of unit trusts,90230080,2
"46370 - Wholesale of coffee, tea, cocoa and spices",09022000,16
"46370 - Wholesale of coffee, tea, cocoa and spices",09011100,17
"7420 - Architectural, technical consult",,0
"7420 - Architectural, technical consult",84149000,1
10390 - Other processing and preserving of fruit and vegetables,33021090,18
10390 - Other processing and preserving of fruit and vegetables,21069092,18
01470 - Raising of poultry,01000000,17
01470 - Raising of poultry,01000000,18
17110 - Manufacture of pulp,84419090,5
17110 - Manufacture of pulp,82073010,5
85520 - Cultural education,49011000,2
85520 - Cultural education,49019900,3
11040 - Manufacture of other non-distilled fermented beverages,22083030,16
11040 - Manufacture of other non-distilled fermented beverages,22087010,18
32401 - Manufacture of professional and arcade games and toys,95049080,17
32401 - Manufacture of professional and arcade games and toys,95043010,18
7487 - Other business activities,,0
7487 - Other business activities,90213990,1
01420 - Raising of other cattle and buffaloes,87019050,3
01420 - Raising of other cattle and buffaloes,49011000,4
18130 - Pre-press and pre-media services,84433210,18
18130 - Pre-press and pre-media services,48189010,18
"25930 - Manufacture of wire products, chain and springs",75089000,18
"25930 - Manufacture of wire products, chain and springs",73121020,18
80200 - Security systems service activities,85176200,13
80200 - Security systems service activities,83011000,14
"46740 - Wholesale of hardware, plumbing and heating equipment and supplies",39174000,18
"46740 - Wholesale of hardware, plumbing and heating equipment and supplies",83017000,18
50400 - Inland freight water transport,47071000,7
50400 - Inland freight water transport,87032390,12
46180 - Agents specialized in the sale of other particular products,91011100,18
46180 - Agents specialized in the sale of other particular products,71131900,18
24450 - Other non-ferrous metal production,75051200,18
24450 - Other non-ferrous metal production,72221181,18
56290 - Other food services,84186900,18
56290 - Other food services,22042142,18
98200 - Undifferentiated service-producing activities of private households for own use,85171800,2
98200 - Undifferentiated service-producing activities of private households for own use,85176200,3
28220 - Manufacture of lifting and handling equipment,84313100,18
28220 - Manufacture of lifting and handling equipment,84289090,18
24330 - Cold forming or folding,84688000,18
24330 - Cold forming or folding,73089098,18
35140 - Trade of electricity,73063011,4
35140 - Trade of electricity,83071000,6
26200 - Manufacture of computers and peripheral equipment,84713000,18
26200 - Manufacture of computers and peripheral equipment,84717050,18
73200 - Market research and public opinion polling,90318038,6
73200 - Market research and public opinion polling,90291000,6
86220 - Specialists medical practice activities,90213100,18
86220 - Specialists medical practice activities,90189084,18
35220 - Distribution of gaseous fuels through mains,84169000,14
35220 - Distribution of gaseous fuels through mains,84162010,14
37000 - Sewerage,84818059,17
37000 - Sewerage,59090010,18
03120 - Freshwater fishing,,0
03120 - Freshwater fishing,95079000,8
20420 - Manufacture of perfumes and toilet preparations,33029090,18
20420 - Manufacture of perfumes and toilet preparations,33029090,18
01430 - Raising of horses and other equines,01012990,2
01430 - Raising of horses and other equines,01012990,2
78300 - Human resources provision and management of human resources functions,84713000,2
78300 - Human resources provision and management of human resources functions,85437090,3
18110 - Printing of newspapers,49119100,1
18110 - Printing of newspapers,49029000,10
77110 - Renting and leasing of cars and light motor vehicles,87032319,14
77110 - Renting and leasing of cars and light motor vehicles,87032319,17
29202 - Manufacture of trailers and semi-trailers,87163950,18
29202 - Manufacture of trailers and semi-trailers,84198120,18
74990 - Non-trading company,30051000,18
74990 - Non-trading company,71129900,18
58142 - Publishing of  consumer and business journals and periodicals,49021000,18
58142 - Publishing of  consumer and business journals and periodicals,49019900,18
85100 - Pre-primary education,97011000,7
85100 - Pre-primary education,97020000,8
47591 - Retail sale of musical instruments and scores,92021010,18
47591 - Retail sale of musical instruments and scores,85181030,18
59200 - Sound recording and music publishing activities,85238010,13
59200 - Sound recording and music publishing activities,49040000,16
41201 - Construction of commercial buildings,39169010,17
41201 - Construction of commercial buildings,85389099,18
47540 - Retail sale of electrical household appliances in specialised stores,83025000,18
47540 - Retail sale of electrical household appliances in specialised stores,62101010,18
85510 - Sports and recreation education,49011000,3
85510 - Sports and recreation education,49019900,14
24530 - Casting of light metals,88033000,18
24530 - Casting of light metals,88033000,18
32300 - Manufacture of sports goods,95069190,18
32300 - Manufacture of sports goods,95049080,18
56302 - Public houses and bars,97060000,10
56302 - Public houses and bars,71131900,10
02400 - Support services to forestry,84000000,4
02400 - Support services to forestry,84328000,4
69109 - Activities of patent and copyright agents; other legal activities n.e.c.,94051050,4
69109 - Activities of patent and copyright agents; other legal activities n.e.c.,94051021,7
30200 - Manufacture of railway locomotives and rolling stock,86000000,14
30200 - Manufacture of railway locomotives and rolling stock,85301000,17
"13922 - manufacture of canvas goods, sacks, etc.",52093200,10
"13922 - manufacture of canvas goods, sacks, etc.",51111900,16
62012 - Business and domestic software development,85044090,18
62012 - Business and domestic software development,84713000,18
51210 - Freight air transport,49019900,18
51210 - Freight air transport,29349990,18
94990 - Activities of other membership organizations n.e.c.,04069001,8
94990 - Activities of other membership organizations n.e.c.,04000000,8
65120 - Non-life insurance,84713000,7
65120 - Non-life insurance,84713000,7
"26309 - Manufacture of communication equipment other than telegraph, and telephone apparatus and equipment",85269180,18
"26309 - Manufacture of communication equipment other than telegraph, and telephone apparatus and equipment",85176200,18
85421 - First-degree level higher education,85232100,2
85421 - First-degree level higher education,84713000,2
"22210 - Manufacture of plastic plates, sheets, tubes and profiles",39201089,18
"22210 - Manufacture of plastic plates, sheets, tubes and profiles",39161000,18
26512 - Manufacture of electronic industrial process control equipment,84716070,18
26512 - Manufacture of electronic industrial process control equipment,84718000,18
58210 - Publishing of computer games,85238093,12
58210 - Publishing of computer games,85371091,15
02200 - Logging,44000000,6
02200 - Logging,44000000,15
84250 - Fire service activities,84241000,17
84250 - Fire service activities,90230010,18
5248 - Other retail specialist stores,85439000,1
5248 - Other retail specialist stores,49111010,1
64921 - Credit granting by non-deposit taking finance houses and other specialist consumer credit grantors,87032410,2
64921 - Credit granting by non-deposit taking finance houses and other specialist consumer credit grantors,87032490,4
93191 - Activities of racehorse owners,01012100,2
93191 - Activities of racehorse owners,42010000,3
62030 - Computer facilities management activities,85176200,8
62030 - Computer facilities management activities,84719000,11
28250 - Manufacture of non-domestic cooling and ventilation equipment,84149000,18
28250 - Manufacture of non-domestic cooling and ventilation equipment,73241000,18
46720 - Wholesale of metals and metal ores,84821010,18
46720 - Wholesale of metals and metal ores,73041100,18
85320 - Technical and vocational secondary education,90184910,10
85320 - Technical and vocational secondary education,90230010,18
24320 - Cold rolling of narrow strip,72230019,17
24320 - Cold rolling of narrow strip,76012080,18
"43220 - Plumbing, heat and air-conditioning installation",84334000,12
"43220 - Plumbing, heat and air-conditioning installation",73079980,12
78200 - Temporary employment agency activities,82071300,8
78200 - Temporary employment agency activities,88033000,17
06200 - Extraction of natural gas,84819000,9
06200 - Extraction of natural gas,84659900,9
25710 - Manufacture of cutlery,82159910,18
25710 - Manufacture of cutlery,82055980,18
08120 - Operation of gravel and sand pits; mining of clays and kaolin,25051000,18
08120 - Operation of gravel and sand pits; mining of clays and kaolin,25070020,18
"46150 - Agents involved in the sale of furniture, household goods, hardware and ironmongery",94051098,18
"46150 - Agents involved in the sale of furniture, household goods, hardware and ironmongery",94051040,18
"17211 - Manufacture of corrugated paper and paperboard, sacks and bags",48194000,18
"17211 - Manufacture of corrugated paper and paperboard, sacks and bags",48081000,18
17120 - Manufacture of paper and paperboard,48025890,18
17120 - Manufacture of paper and paperboard,48000000,18
26800 - Manufacture of magnetic and optical media,49119900,6
26800 - Manufacture of magnetic and optical media,85232931,9
"24200 - Manufacture of tubes, pipes, hollow profiles and related fittings, of steel",75071200,18
"24200 - Manufacture of tubes, pipes, hollow profiles and related fittings, of steel",73044100,18
03110 - Marine fishing,02071420,16
03110 - Marine fishing,03031300,17
68310 - Real estate agencies,49021000,10
68310 - Real estate agencies,90021100,20
80300 - Investigation activities,85439000,1
80300 - Investigation activities,90158019,2
47260 - Retail sale of tobacco products in specialised stores,38249100,6
47260 - Retail sale of tobacco products in specialised stores,38249096,6
46360 - Wholesale of sugar and chocolate and sugar confectionery,09023000,18
46360 - Wholesale of sugar and chocolate and sugar confectionery,18063100,18
32120 - Manufacture of jewellery and related articles,71039100,18
32120 - Manufacture of jewellery and related articles,71131100,18
"11010 - Distilling, rectifying and blending of spirits",22042142,18
"11010 - Distilling, rectifying and blending of spirits",22042113,18
46760 - Wholesale of other intermediate products,49019900,18
46760 - Wholesale of other intermediate products,38241000,18
74300 - Translation and interpretation activities,84138100,1
74300 - Translation and interpretation activities,83024190,1
10710 - Manufacture of bread; manufacture of fresh pastry goods and cakes,19059060,18
10710 - Manufacture of bread; manufacture of fresh pastry goods and cakes,19042010,18
13923 - manufacture of household textiles,53091110,16
13923 - manufacture of household textiles,51111900,17
24100 - Manufacture of basic iron and steel and of ferro-alloys,84000000,18
24100 - Manufacture of basic iron and steel and of ferro-alloys,72000000,18
30300 - Manufacture of air and spacecraft and related machinery,40169300,18
30300 - Manufacture of air and spacecraft and related machinery,88033000,18
77120 - Renting and leasing of trucks and other heavy vehicles,87163980,11
77120 - Renting and leasing of trucks and other heavy vehicles,84841000,17
"77400 - Leasing of intellectual property and similar products, except copyright works",97011000,1
"77400 - Leasing of intellectual property and similar products, except copyright works",62029900,1
23110 - Manufacture of flat glass,70000000,18
23110 - Manufacture of flat glass,96170000,18
08910 - Mining of chemical and fertilizer minerals,31051000,2
08910 - Mining of chemical and fertilizer minerals,84289090,3
99000 - Activities of extraterritorial organizations and bodies,90261029,16
99000 - Activities of extraterritorial organizations and bodies,84196000,18
21200 - Manufacture of pharmaceutical preparations,30042000,18
21200 - Manufacture of pharmaceutical preparations,30049000,18
28922 - Manufacture of earthmoving equipment,40169300,18
28922 - Manufacture of earthmoving equipment,27101983,18
46350 - Wholesale of tobacco products,24000000,4
46350 - Wholesale of tobacco products,24000000,6
49500 - Transport via pipeline,73181549,10
49500 - Transport via pipeline,73079980,13
99999 - Dormant Company,84149000,18
99999 - Dormant Company,84148011,18
64191 - Banks,49119900,13
64191 - Banks,71069100,15
47290 - Other retail sale of food in specialised stores,09024000,15
47290 - Other retail sale of food in specialised stores,09021000,18
72110 - Research and experimental development on biotechnology,38220000,18
72110 - Research and experimental development on biotechnology,38220000,18
38220 - Treatment and disposal of hazardous waste,85171200,8
38220 - Treatment and disposal of hazardous waste,87089997,9
49410 - Freight transport by road,88033000,18
49410 - Freight transport by road,39269050,18
56102 - Unlicensed restaurants and cafes,09012100,12
56102 - Unlicensed restaurants and cafes,09012200,13
49320 - Taxi operation,84713000,5
49320 - Taxi operation,84713000,5
25120 - Manufacture of doors and windows of metal,73089098,18
25120 - Manufacture of doors and windows of metal,73083000,18
20110 - Manufacture of industrial gases,39041000,16
20110 - Manufacture of industrial gases,38220000,17
98000 - Residents property management,95069990,2
98000 - Residents property management,95042000,9
07290 - Mining of other non-ferrous metal ores,40169997,15
07290 - Mining of other non-ferrous metal ores,97050000,18
29100 - Manufacture of motor vehicles,73182900,19
29100 - Manufacture of motor vehicles,27101983,19
85590 - Other education n.e.c.,90230010,11
85590 - Other education n.e.c.,63090000,18
45111 - Sale of new cars and light motor vehicles,87089997,18
45111 - Sale of new cars and light motor vehicles,87089997,18
43210 - Electrical installation,85389091,17
43210 - Electrical installation,85369010,18
46450 - Wholesale of perfume and cosmetics,33030010,18
46450 - Wholesale of perfume and cosmetics,33019090,18
46520 - Wholesale of electronic and telecommunications equipment and parts,85044090,18
46520 - Wholesale of electronic and telecommunications equipment and parts,84714900,18
